benchmark,input,input_size_bytes,mode,engine,width,cpus,trial,elapsed_sec,exit_status
sort,1M.txt,1048577,bash_1core_1thread,bash,1,"0",1,0.103444,0
sort,1M.txt,1048577,pash_1core_1thread,pash,1,"0",1,2.657320,0
sort,1M.txt,1048577,pash_1core_2smt_threads,pash,2,"0,24",1,2.048125,0
sort,1M.txt,1048577,pash_2cores_1thread_each,pash,2,"0,1",1,2.247843,0
sort,10M.txt,10485770,bash_1core_1thread,bash,1,"0",1,0.726107,0
sort,10M.txt,10485770,pash_1core_1thread,pash,1,"0",1,3.009110,0
sort,10M.txt,10485770,pash_1core_2smt_threads,pash,2,"0,24",1,3.291238,0
sort,10M.txt,10485770,pash_2cores_1thread_each,pash,2,"0,1",1,3.896666,0
sort,100M.txt,104857700,bash_1core_1thread,bash,1,"0",1,7.418257,0
sort,100M.txt,104857700,pash_1core_1thread,pash,1,"0",1,9.783079,0
sort,100M.txt,104857700,pash_1core_2smt_threads,pash,2,"0,24",1,8.519910,0
sort,100M.txt,104857700,pash_2cores_1thread_each,pash,2,"0,1",1,6.557418,0
sort,1G.txt,1073742848,bash_1core_1thread,bash,1,"0",1,80.519045,0
sort,1G.txt,1073742848,pash_1core_1thread,pash,1,"0",1,85.395056,0
sort,1G.txt,1073742848,pash_1core_2smt_threads,pash,2,"0,24",1,72.555317,0
sort,1G.txt,1073742848,pash_2cores_1thread_each,pash,2,"0,1",1,52.762013,0
sort-sort,1M.txt,1048577,bash_1core_1thread,bash,1,"0",1,0.378489,0
sort-sort,1M.txt,1048577,pash_1core_1thread,pash,1,"0",1,2.307055,0
sort-sort,1M.txt,1048577,pash_1core_2smt_threads,pash,2,"0,24",1,2.177842,0
sort-sort,1M.txt,1048577,pash_2cores_1thread_each,pash,2,"0,1",1,2.172827,0
sort-sort,10M.txt,10485770,bash_1core_1thread,bash,1,"0",1,1.150600,0
sort-sort,10M.txt,10485770,pash_1core_1thread,pash,1,"0",1,3.489343,0
sort-sort,10M.txt,10485770,pash_1core_2smt_threads,pash,2,"0,24",1,3.165106,0
sort-sort,10M.txt,10485770,pash_2cores_1thread_each,pash,2,"0,1",1,3.007580,0
sort-sort,100M.txt,104857700,bash_1core_1thread,bash,1,"0",1,11.235097,0
sort-sort,100M.txt,104857700,pash_1core_1thread,pash,1,"0",1,14.346963,0
sort-sort,100M.txt,104857700,pash_1core_2smt_threads,pash,2,"0,24",1,12.875270,0
sort-sort,100M.txt,104857700,pash_2cores_1thread_each,pash,2,"0,1",1,9.613243,0
sort-sort,1G.txt,1073742848,bash_1core_1thread,bash,1,"0",1,118.028575,0
sort-sort,1G.txt,1073742848,pash_1core_1thread,pash,1,"0",1,131.989046,0
sort-sort,1G.txt,1073742848,pash_1core_2smt_threads,pash,2,"0,24",1,114.095203,0
sort-sort,1G.txt,1073742848,pash_2cores_1thread_each,pash,2,"0,1",1,80.192622,0
spell,1M.txt,1048577,bash_1core_1thread,bash,1,"0",1,0.915854,0
spell,1M.txt,1048577,pash_1core_1thread,pash,1,"0",1,5.368611,0
spell,1M.txt,1048577,pash_1core_2smt_threads,pash,2,"0,24",1,2.820366,0
spell,1M.txt,1048577,pash_2cores_1thread_each,pash,2,"0,1",1,2.560476,0
spell,10M.txt,10485770,bash_1core_1thread,bash,1,"0",1,3.041979,0
spell,10M.txt,10485770,pash_1core_1thread,pash,1,"0",1,5.393468,0
spell,10M.txt,10485770,pash_1core_2smt_threads,pash,2,"0,24",1,5.383085,0
spell,10M.txt,10485770,pash_2cores_1thread_each,pash,2,"0,1",1,4.074209,0
spell,100M.txt,104857700,bash_1core_1thread,bash,1,"0",1,28.151571,0
spell,100M.txt,104857700,pash_1core_1thread,pash,1,"0",1,33.465585,0
spell,100M.txt,104857700,pash_1core_2smt_threads,pash,2,"0,24",1,34.096873,0
spell,100M.txt,104857700,pash_2cores_1thread_each,pash,2,"0,1",1,20.073053,0
spell,1G.txt,1073742848,bash_1core_1thread,bash,1,"0",1,295.596730,0
spell,1G.txt,1073742848,pash_1core_1thread,pash,1,"0",1,324.477000,0
spell,1G.txt,1073742848,pash_1core_2smt_threads,pash,2,"0,24",1,342.963611,0
spell,1G.txt,1073742848,pash_2cores_1thread_each,pash,2,"0,1",1,194.553691,0
wf,1M.txt,1048577,bash_1core_1thread,bash,1,"0",1,0.457851,0
wf,1M.txt,1048577,pash_1core_1thread,pash,1,"0",1,3.048366,0
wf,1M.txt,1048577,pash_1core_2smt_threads,pash,2,"0,24",1,2.727164,0
wf,1M.txt,1048577,pash_2cores_1thread_each,pash,2,"0,1",1,2.571495,0
wf,10M.txt,10485770,bash_1core_1thread,bash,1,"0",1,3.378314,0
wf,10M.txt,10485770,pash_1core_1thread,pash,1,"0",1,5.982751,0
wf,10M.txt,10485770,pash_1core_2smt_threads,pash,2,"0,24",1,6.090646,0
wf,10M.txt,10485770,pash_2cores_1thread_each,pash,2,"0,1",1,4.329511,0
wf,100M.txt,104857700,bash_1core_1thread,bash,1,"0",1,34.413117,0
wf,100M.txt,104857700,pash_1core_1thread,pash,1,"0",1,38.428437,0
wf,100M.txt,104857700,pash_1core_2smt_threads,pash,2,"0,24",1,40.515025,0
wf,100M.txt,104857700,pash_2cores_1thread_each,pash,2,"0,1",1,23.170004,0
wf,1G.txt,1073742848,bash_1core_1thread,bash,1,"0",1,361.091068,0
wf,1G.txt,1073742848,pash_1core_1thread,pash,1,"0",1,381.120511,0
wf,1G.txt,1073742848,pash_1core_2smt_threads,pash,2,"0,24",1,413.048681,0
wf,1G.txt,1073742848,pash_2cores_1thread_each,pash,2,"0,1",1,225.183222,0
sort,1M.txt,1048577,bash_1core_1thread,bash,1,"0",2,0.102301,0
sort,1M.txt,1048577,pash_1core_1thread,pash,1,"0",2,2.440090,0
sort,1M.txt,1048577,pash_1core_2smt_threads,pash,2,"0,24",2,2.019941,0
sort,1M.txt,1048577,pash_2cores_1thread_each,pash,2,"0,1",2,2.066035,0
sort,10M.txt,10485770,bash_1core_1thread,bash,1,"0",2,0.733953,0
sort,10M.txt,10485770,pash_1core_1thread,pash,1,"0",2,2.978706,0
sort,10M.txt,10485770,pash_1core_2smt_threads,pash,2,"0,24",2,2.650815,0
sort,10M.txt,10485770,pash_2cores_1thread_each,pash,2,"0,1",2,2.680136,0
sort,100M.txt,104857700,bash_1core_1thread,bash,1,"0",2,8.959614,0
sort,100M.txt,104857700,pash_1core_1thread,pash,1,"0",2,9.864189,0
sort,100M.txt,104857700,pash_1core_2smt_threads,pash,2,"0,24",2,8.443741,0
sort,100M.txt,104857700,pash_2cores_1thread_each,pash,2,"0,1",2,6.626761,0
sort,1G.txt,1073742848,bash_1core_1thread,bash,1,"0",2,80.580183,0
sort,1G.txt,1073742848,pash_1core_1thread,pash,1,"0",2,85.355537,0
sort,1G.txt,1073742848,pash_1core_2smt_threads,pash,2,"0,24",2,72.488411,0
sort,1G.txt,1073742848,pash_2cores_1thread_each,pash,2,"0,1",2,55.805922,0
sort-sort,1M.txt,1048577,bash_1core_1thread,bash,1,"0",2,0.354698,0
sort-sort,1M.txt,1048577,pash_1core_1thread,pash,1,"0",2,2.380268,0
sort-sort,1M.txt,1048577,pash_1core_2smt_threads,pash,2,"0,24",2,2.192432,0
sort-sort,1M.txt,1048577,pash_2cores_1thread_each,pash,2,"0,1",2,2.667610,0
sort-sort,10M.txt,10485770,bash_1core_1thread,bash,1,"0",2,1.192202,0
sort-sort,10M.txt,10485770,pash_1core_1thread,pash,1,"0",2,3.395257,0
sort-sort,10M.txt,10485770,pash_1core_2smt_threads,pash,2,"0,24",2,3.104578,0
sort-sort,10M.txt,10485770,pash_2cores_1thread_each,pash,2,"0,1",2,2.727170,0
sort-sort,100M.txt,104857700,bash_1core_1thread,bash,1,"0",2,11.180227,0
sort-sort,100M.txt,104857700,pash_1core_1thread,pash,1,"0",2,14.328353,0
sort-sort,100M.txt,104857700,pash_1core_2smt_threads,pash,2,"0,24",2,12.964155,0
sort-sort,100M.txt,104857700,pash_2cores_1thread_each,pash,2,"0,1",2,9.684742,0
sort-sort,1G.txt,1073742848,bash_1core_1thread,bash,1,"0",2,117.867353,0
sort-sort,1G.txt,1073742848,pash_1core_1thread,pash,1,"0",2,133.343122,0
sort-sort,1G.txt,1073742848,pash_1core_2smt_threads,pash,2,"0,24",2,113.755783,0
sort-sort,1G.txt,1073742848,pash_2cores_1thread_each,pash,2,"0,1",2,80.264196,0
spell,1M.txt,1048577,bash_1core_1thread,bash,1,"0",2,0.865029,0
spell,1M.txt,1048577,pash_1core_1thread,pash,1,"0",2,4.218810,0
spell,1M.txt,1048577,pash_1core_2smt_threads,pash,2,"0,24",2,3.567837,0
spell,1M.txt,1048577,pash_2cores_1thread_each,pash,2,"0,1",2,3.790008,0
spell,10M.txt,10485770,bash_1core_1thread,bash,1,"0",2,3.088536,0
spell,10M.txt,10485770,pash_1core_1thread,pash,1,"0",2,6.752062,0
spell,10M.txt,10485770,pash_1core_2smt_threads,pash,2,"0,24",2,5.553943,0
spell,10M.txt,10485770,pash_2cores_1thread_each,pash,2,"0,1",2,4.178414,0
spell,100M.txt,104857700,bash_1core_1thread,bash,1,"0",2,28.186911,0
spell,100M.txt,104857700,pash_1core_1thread,pash,1,"0",2,32.931845,0
spell,100M.txt,104857700,pash_1core_2smt_threads,pash,2,"0,24",2,33.984752,0
spell,100M.txt,104857700,pash_2cores_1thread_each,pash,2,"0,1",2,20.050117,0
spell,1G.txt,1073742848,bash_1core_1thread,bash,1,"0",2,295.537913,0
spell,1G.txt,1073742848,pash_1core_1thread,pash,1,"0",2,323.407084,0
spell,1G.txt,1073742848,pash_1core_2smt_threads,pash,2,"0,24",2,340.428684,0
spell,1G.txt,1073742848,pash_2cores_1thread_each,pash,2,"0,1",2,196.116481,0
wf,1M.txt,1048577,bash_1core_1thread,bash,1,"0",2,0.377552,0
wf,1M.txt,1048577,pash_1core_1thread,pash,1,"0",2,3.087543,0
wf,1M.txt,1048577,pash_1core_2smt_threads,pash,2,"0,24",2,2.725812,0
wf,1M.txt,1048577,pash_2cores_1thread_each,pash,2,"0,1",2,2.506345,0
wf,10M.txt,10485770,bash_1core_1thread,bash,1,"0",2,3.357419,0
wf,10M.txt,10485770,pash_1core_1thread,pash,1,"0",2,5.764809,0
wf,10M.txt,10485770,pash_1core_2smt_threads,pash,2,"0,24",2,6.181428,0
wf,10M.txt,10485770,pash_2cores_1thread_each,pash,2,"0,1",2,4.296818,0
wf,100M.txt,104857700,bash_1core_1thread,bash,1,"0",2,34.346815,0
wf,100M.txt,104857700,pash_1core_1thread,pash,1,"0",2,38.471152,0
wf,100M.txt,104857700,pash_1core_2smt_threads,pash,2,"0,24",2,40.485109,0
wf,100M.txt,104857700,pash_2cores_1thread_each,pash,2,"0,1",2,23.135713,0
wf,1G.txt,1073742848,bash_1core_1thread,bash,1,"0",2,360.234591,0
wf,1G.txt,1073742848,pash_1core_1thread,pash,1,"0",2,381.609426,0
wf,1G.txt,1073742848,pash_1core_2smt_threads,pash,2,"0,24",2,410.449677,0
wf,1G.txt,1073742848,pash_2cores_1thread_each,pash,2,"0,1",2,223.966031,0
sort,1M.txt,1048577,bash_1core_1thread,bash,1,"0",3,0.098322,0
sort,1M.txt,1048577,pash_1core_1thread,pash,1,"0",3,2.653121,0
sort,1M.txt,1048577,pash_1core_2smt_threads,pash,2,"0,24",3,2.048151,0
sort,1M.txt,1048577,pash_2cores_1thread_each,pash,2,"0,1",3,2.010764,0
sort,10M.txt,10485770,bash_1core_1thread,bash,1,"0",3,0.726703,0
sort,10M.txt,10485770,pash_1core_1thread,pash,1,"0",3,2.952988,0
sort,10M.txt,10485770,pash_1core_2smt_threads,pash,2,"0,24",3,2.562358,0
sort,10M.txt,10485770,pash_2cores_1thread_each,pash,2,"0,1",3,2.534943,0
sort,100M.txt,104857700,bash_1core_1thread,bash,1,"0",3,7.477661,0
sort,100M.txt,104857700,pash_1core_1thread,pash,1,"0",3,9.894566,0
sort,100M.txt,104857700,pash_1core_2smt_threads,pash,2,"0,24",3,8.543763,0
sort,100M.txt,104857700,pash_2cores_1thread_each,pash,2,"0,1",3,6.573814,0
sort,1G.txt,1073742848,bash_1core_1thread,bash,1,"0",3,80.395287,0
sort,1G.txt,1073742848,pash_1core_1thread,pash,1,"0",3,85.206827,0
sort,1G.txt,1073742848,pash_1core_2smt_threads,pash,2,"0,24",3,72.312309,0
sort,1G.txt,1073742848,pash_2cores_1thread_each,pash,2,"0,1",3,51.380746,0
sort-sort,1M.txt,1048577,bash_1core_1thread,bash,1,"0",3,0.359413,0
sort-sort,1M.txt,1048577,pash_1core_1thread,pash,1,"0",3,2.346659,0
sort-sort,1M.txt,1048577,pash_1core_2smt_threads,pash,2,"0,24",3,2.349390,0
sort-sort,1M.txt,1048577,pash_2cores_1thread_each,pash,2,"0,1",3,2.146421,0
sort-sort,10M.txt,10485770,bash_1core_1thread,bash,1,"0",3,1.116504,0
sort-sort,10M.txt,10485770,pash_1core_1thread,pash,1,"0",3,3.593868,0
sort-sort,10M.txt,10485770,pash_1core_2smt_threads,pash,2,"0,24",3,3.272513,0
sort-sort,10M.txt,10485770,pash_2cores_1thread_each,pash,2,"0,1",3,3.126805,0
sort-sort,100M.txt,104857700,bash_1core_1thread,bash,1,"0",3,11.295856,0
sort-sort,100M.txt,104857700,pash_1core_1thread,pash,1,"0",3,14.339896,0
sort-sort,100M.txt,104857700,pash_1core_2smt_threads,pash,2,"0,24",3,12.827211,0
sort-sort,100M.txt,104857700,pash_2cores_1thread_each,pash,2,"0,1",3,9.437213,0
sort-sort,1G.txt,1073742848,bash_1core_1thread,bash,1,"0",3,118.007120,0
sort-sort,1G.txt,1073742848,pash_1core_1thread,pash,1,"0",3,131.504534,0
sort-sort,1G.txt,1073742848,pash_1core_2smt_threads,pash,2,"0,24",3,114.327196,0
sort-sort,1G.txt,1073742848,pash_2cores_1thread_each,pash,2,"0,1",3,81.004097,0
spell,1M.txt,1048577,bash_1core_1thread,bash,1,"0",3,0.808994,0
spell,1M.txt,1048577,pash_1core_1thread,pash,1,"0",3,3.297864,0
spell,1M.txt,1048577,pash_1core_2smt_threads,pash,2,"0,24",3,2.830301,0
spell,1M.txt,1048577,pash_2cores_1thread_each,pash,2,"0,1",3,2.652887,0
spell,10M.txt,10485770,bash_1core_1thread,bash,1,"0",3,3.166229,0
spell,10M.txt,10485770,pash_1core_1thread,pash,1,"0",3,5.596619,0
spell,10M.txt,10485770,pash_1core_2smt_threads,pash,2,"0,24",3,5.810271,0
spell,10M.txt,10485770,pash_2cores_1thread_each,pash,2,"0,1",3,4.224715,0
spell,100M.txt,104857700,bash_1core_1thread,bash,1,"0",3,28.221713,0
spell,100M.txt,104857700,pash_1core_1thread,pash,1,"0",3,32.851725,0
spell,100M.txt,104857700,pash_1core_2smt_threads,pash,2,"0,24",3,34.193459,0
spell,100M.txt,104857700,pash_2cores_1thread_each,pash,2,"0,1",3,20.085386,0
spell,1G.txt,1073742848,bash_1core_1thread,bash,1,"0",3,296.624977,0
spell,1G.txt,1073742848,pash_1core_1thread,pash,1,"0",3,321.524422,0
spell,1G.txt,1073742848,pash_1core_2smt_threads,pash,2,"0,24",3,342.151757,0
spell,1G.txt,1073742848,pash_2cores_1thread_each,pash,2,"0,1",3,196.014226,0
wf,1M.txt,1048577,bash_1core_1thread,bash,1,"0",3,0.480468,0
wf,1M.txt,1048577,pash_1core_1thread,pash,1,"0",3,2.980365,0
wf,1M.txt,1048577,pash_1core_2smt_threads,pash,2,"0,24",3,2.846394,0
wf,1M.txt,1048577,pash_2cores_1thread_each,pash,2,"0,1",3,2.605210,0
wf,10M.txt,10485770,bash_1core_1thread,bash,1,"0",3,3.364082,0
wf,10M.txt,10485770,pash_1core_1thread,pash,1,"0",3,5.819543,0
wf,10M.txt,10485770,pash_1core_2smt_threads,pash,2,"0,24",3,6.117294,0
wf,10M.txt,10485770,pash_2cores_1thread_each,pash,2,"0,1",3,4.203828,0
wf,100M.txt,104857700,bash_1core_1thread,bash,1,"0",3,34.284155,0
wf,100M.txt,104857700,pash_1core_1thread,pash,1,"0",3,38.295828,0
wf,100M.txt,104857700,pash_1core_2smt_threads,pash,2,"0,24",3,40.551365,0
wf,100M.txt,104857700,pash_2cores_1thread_each,pash,2,"0,1",3,22.917107,0
wf,1G.txt,1073742848,bash_1core_1thread,bash,1,"0",3,359.078939,0
wf,1G.txt,1073742848,pash_1core_1thread,pash,1,"0",3,381.120272,0
wf,1G.txt,1073742848,pash_1core_2smt_threads,pash,2,"0,24",3,411.191989,0
wf,1G.txt,1073742848,pash_2cores_1thread_each,pash,2,"0,1",3,224.279714,0
sort,1M.txt,1048577,bash_1core_1thread,bash,1,"0",4,0.098946,0
sort,1M.txt,1048577,pash_1core_1thread,pash,1,"0",4,2.536582,0
sort,1M.txt,1048577,pash_1core_2smt_threads,pash,2,"0,24",4,2.018633,0
sort,1M.txt,1048577,pash_2cores_1thread_each,pash,2,"0,1",4,2.167190,0
sort,10M.txt,10485770,bash_1core_1thread,bash,1,"0",4,0.728688,0
sort,10M.txt,10485770,pash_1core_1thread,pash,1,"0",4,2.985066,0
sort,10M.txt,10485770,pash_1core_2smt_threads,pash,2,"0,24",4,2.713230,0
sort,10M.txt,10485770,pash_2cores_1thread_each,pash,2,"0,1",4,2.585319,0
sort,100M.txt,104857700,bash_1core_1thread,bash,1,"0",4,7.488701,0
sort,100M.txt,104857700,pash_1core_1thread,pash,1,"0",4,9.799346,0
sort,100M.txt,104857700,pash_1core_2smt_threads,pash,2,"0,24",4,8.542278,0
sort,100M.txt,104857700,pash_2cores_1thread_each,pash,2,"0,1",4,6.589751,0
sort,1G.txt,1073742848,bash_1core_1thread,bash,1,"0",4,80.304991,0
sort,1G.txt,1073742848,pash_1core_1thread,pash,1,"0",4,85.403129,0
sort,1G.txt,1073742848,pash_1core_2smt_threads,pash,2,"0,24",4,72.276699,0
sort,1G.txt,1073742848,pash_2cores_1thread_each,pash,2,"0,1",4,51.507857,0
sort-sort,1M.txt,1048577,bash_1core_1thread,bash,1,"0",4,0.329595,0
sort-sort,1M.txt,1048577,pash_1core_1thread,pash,1,"0",4,2.279376,0
sort-sort,1M.txt,1048577,pash_1core_2smt_threads,pash,2,"0,24",4,2.290518,0
sort-sort,1M.txt,1048577,pash_2cores_1thread_each,pash,2,"0,1",4,2.349829,0
sort-sort,10M.txt,10485770,bash_1core_1thread,bash,1,"0",4,1.205353,0
sort-sort,10M.txt,10485770,pash_1core_1thread,pash,1,"0",4,3.517171,0
sort-sort,10M.txt,10485770,pash_1core_2smt_threads,pash,2,"0,24",4,3.227872,0
sort-sort,10M.txt,10485770,pash_2cores_1thread_each,pash,2,"0,1",4,2.956734,0
sort-sort,100M.txt,104857700,bash_1core_1thread,bash,1,"0",4,11.261234,0
sort-sort,100M.txt,104857700,pash_1core_1thread,pash,1,"0",4,14.458165,0
sort-sort,100M.txt,104857700,pash_1core_2smt_threads,pash,2,"0,24",4,12.960739,0
sort-sort,100M.txt,104857700,pash_2cores_1thread_each,pash,2,"0,1",4,9.803451,0
sort-sort,1G.txt,1073742848,bash_1core_1thread,bash,1,"0",4,117.759515,0
sort-sort,1G.txt,1073742848,pash_1core_1thread,pash,1,"0",4,132.308988,0
sort-sort,1G.txt,1073742848,pash_1core_2smt_threads,pash,2,"0,24",4,114.181246,0
sort-sort,1G.txt,1073742848,pash_2cores_1thread_each,pash,2,"0,1",4,79.867400,0
spell,1M.txt,1048577,bash_1core_1thread,bash,1,"0",4,0.838362,0
spell,1M.txt,1048577,pash_1core_1thread,pash,1,"0",4,3.224062,0
spell,1M.txt,1048577,pash_1core_2smt_threads,pash,2,"0,24",4,2.783666,0
spell,1M.txt,1048577,pash_2cores_1thread_each,pash,2,"0,1",4,2.917613,0
spell,10M.txt,10485770,bash_1core_1thread,bash,1,"0",4,3.042135,0
spell,10M.txt,10485770,pash_1core_1thread,pash,1,"0",4,5.529830,0
spell,10M.txt,10485770,pash_1core_2smt_threads,pash,2,"0,24",4,5.508389,0
spell,10M.txt,10485770,pash_2cores_1thread_each,pash,2,"0,1",4,4.218994,0
spell,100M.txt,104857700,bash_1core_1thread,bash,1,"0",4,28.104362,0
spell,100M.txt,104857700,pash_1core_1thread,pash,1,"0",4,32.917555,0
spell,100M.txt,104857700,pash_1core_2smt_threads,pash,2,"0,24",4,34.348392,0
spell,100M.txt,104857700,pash_2cores_1thread_each,pash,2,"0,1",4,22.554886,0
spell,1G.txt,1073742848,bash_1core_1thread,bash,1,"0",4,296.364468,0
spell,1G.txt,1073742848,pash_1core_1thread,pash,1,"0",4,321.448962,0
spell,1G.txt,1073742848,pash_1core_2smt_threads,pash,2,"0,24",4,342.231192,0
spell,1G.txt,1073742848,pash_2cores_1thread_each,pash,2,"0,1",4,194.133785,0
wf,1M.txt,1048577,bash_1core_1thread,bash,1,"0",4,0.379258,0
wf,1M.txt,1048577,pash_1core_1thread,pash,1,"0",4,3.069198,0
wf,1M.txt,1048577,pash_1core_2smt_threads,pash,2,"0,24",4,2.606791,0
wf,1M.txt,1048577,pash_2cores_1thread_each,pash,2,"0,1",4,2.318245,0
wf,10M.txt,10485770,bash_1core_1thread,bash,1,"0",4,3.382525,0
wf,10M.txt,10485770,pash_1core_1thread,pash,1,"0",4,5.762568,0
wf,10M.txt,10485770,pash_1core_2smt_threads,pash,2,"0,24",4,5.868965,0
wf,10M.txt,10485770,pash_2cores_1thread_each,pash,2,"0,1",4,4.232297,0
wf,100M.txt,104857700,bash_1core_1thread,bash,1,"0",4,34.287518,0
wf,100M.txt,104857700,pash_1core_1thread,pash,1,"0",4,38.358382,0
wf,100M.txt,104857700,pash_1core_2smt_threads,pash,2,"0,24",4,40.263366,0
wf,100M.txt,104857700,pash_2cores_1thread_each,pash,2,"0,1",4,23.057731,0
wf,1G.txt,1073742848,bash_1core_1thread,bash,1,"0",4,359.987934,0
wf,1G.txt,1073742848,pash_1core_1thread,pash,1,"0",4,381.023922,0
wf,1G.txt,1073742848,pash_1core_2smt_threads,pash,2,"0,24",4,410.194959,0
wf,1G.txt,1073742848,pash_2cores_1thread_each,pash,2,"0,1",4,223.464447,0
sort,1M.txt,1048577,bash_1core_1thread,bash,1,"0",5,0.099928,0
sort,1M.txt,1048577,pash_1core_1thread,pash,1,"0",5,2.588164,0
sort,1M.txt,1048577,pash_1core_2smt_threads,pash,2,"0,24",5,2.130715,0
sort,1M.txt,1048577,pash_2cores_1thread_each,pash,2,"0,1",5,2.087107,0
sort,10M.txt,10485770,bash_1core_1thread,bash,1,"0",5,0.744097,0
sort,10M.txt,10485770,pash_1core_1thread,pash,1,"0",5,3.019073,0
sort,10M.txt,10485770,pash_1core_2smt_threads,pash,2,"0,24",5,2.664621,0
sort,10M.txt,10485770,pash_2cores_1thread_each,pash,2,"0,1",5,2.458689,0
sort,100M.txt,104857700,bash_1core_1thread,bash,1,"0",5,7.495783,0
sort,100M.txt,104857700,pash_1core_1thread,pash,1,"0",5,9.897630,0
sort,100M.txt,104857700,pash_1core_2smt_threads,pash,2,"0,24",5,8.417692,0
sort,100M.txt,104857700,pash_2cores_1thread_each,pash,2,"0,1",5,6.612654,0
sort,1G.txt,1073742848,bash_1core_1thread,bash,1,"0",5,80.339793,0
sort,1G.txt,1073742848,pash_1core_1thread,pash,1,"0",5,85.249341,0
sort,1G.txt,1073742848,pash_1core_2smt_threads,pash,2,"0,24",5,72.351463,0
sort,1G.txt,1073742848,pash_2cores_1thread_each,pash,2,"0,1",5,51.243812,0
sort-sort,1M.txt,1048577,bash_1core_1thread,bash,1,"0",5,0.350175,0
sort-sort,1M.txt,1048577,pash_1core_1thread,pash,1,"0",5,2.360389,0
sort-sort,1M.txt,1048577,pash_1core_2smt_threads,pash,2,"0,24",5,2.220811,0
sort-sort,1M.txt,1048577,pash_2cores_1thread_each,pash,2,"0,1",5,2.335959,0
sort-sort,10M.txt,10485770,bash_1core_1thread,bash,1,"0",5,1.120067,0
sort-sort,10M.txt,10485770,pash_1core_1thread,pash,1,"0",5,3.430120,0
sort-sort,10M.txt,10485770,pash_1core_2smt_threads,pash,2,"0,24",5,3.407349,0
sort-sort,10M.txt,10485770,pash_2cores_1thread_each,pash,2,"0,1",5,3.016113,0
sort-sort,100M.txt,104857700,bash_1core_1thread,bash,1,"0",5,11.239365,0
sort-sort,100M.txt,104857700,pash_1core_1thread,pash,1,"0",5,14.478841,0
sort-sort,100M.txt,104857700,pash_1core_2smt_threads,pash,2,"0,24",5,12.896690,0
sort-sort,100M.txt,104857700,pash_2cores_1thread_each,pash,2,"0,1",5,9.726980,0
sort-sort,1G.txt,1073742848,bash_1core_1thread,bash,1,"0",5,117.634183,0
sort-sort,1G.txt,1073742848,pash_1core_1thread,pash,1,"0",5,131.759410,0
sort-sort,1G.txt,1073742848,pash_1core_2smt_threads,pash,2,"0,24",5,113.541614,0
sort-sort,1G.txt,1073742848,pash_2cores_1thread_each,pash,2,"0,1",5,80.344140,0
spell,1M.txt,1048577,bash_1core_1thread,bash,1,"0",5,0.820198,0
spell,1M.txt,1048577,pash_1core_1thread,pash,1,"0",5,3.393622,0
spell,1M.txt,1048577,pash_1core_2smt_threads,pash,2,"0,24",5,2.782195,0
spell,1M.txt,1048577,pash_2cores_1thread_each,pash,2,"0,1",5,2.964964,0
spell,10M.txt,10485770,bash_1core_1thread,bash,1,"0",5,3.053822,0
spell,10M.txt,10485770,pash_1core_1thread,pash,1,"0",5,5.634766,0
spell,10M.txt,10485770,pash_1core_2smt_threads,pash,2,"0,24",5,5.678382,0
spell,10M.txt,10485770,pash_2cores_1thread_each,pash,2,"0,1",5,4.238956,0
spell,100M.txt,104857700,bash_1core_1thread,bash,1,"0",5,28.154209,0
spell,100M.txt,104857700,pash_1core_1thread,pash,1,"0",5,32.874906,0
spell,100M.txt,104857700,pash_1core_2smt_threads,pash,2,"0,24",5,33.817301,0
spell,100M.txt,104857700,pash_2cores_1thread_each,pash,2,"0,1",5,19.935982,0
spell,1G.txt,1073742848,bash_1core_1thread,bash,1,"0",5,294.590599,0
spell,1G.txt,1073742848,pash_1core_1thread,pash,1,"0",5,321.964982,0
spell,1G.txt,1073742848,pash_1core_2smt_threads,pash,2,"0,24",5,341.818217,0
spell,1G.txt,1073742848,pash_2cores_1thread_each,pash,2,"0,1",5,194.351867,0
wf,1M.txt,1048577,bash_1core_1thread,bash,1,"0",5,0.474124,0
wf,1M.txt,1048577,pash_1core_1thread,pash,1,"0",5,3.080658,0
wf,1M.txt,1048577,pash_1core_2smt_threads,pash,2,"0,24",5,2.624837,0
wf,1M.txt,1048577,pash_2cores_1thread_each,pash,2,"0,1",5,2.633603,0
wf,10M.txt,10485770,bash_1core_1thread,bash,1,"0",5,3.349676,0
wf,10M.txt,10485770,pash_1core_1thread,pash,1,"0",5,5.846931,0
wf,10M.txt,10485770,pash_1core_2smt_threads,pash,2,"0,24",5,5.858813,0
wf,10M.txt,10485770,pash_2cores_1thread_each,pash,2,"0,1",5,4.175812,0
wf,100M.txt,104857700,bash_1core_1thread,bash,1,"0",5,34.195446,0
wf,100M.txt,104857700,pash_1core_1thread,pash,1,"0",5,38.501419,0
wf,100M.txt,104857700,pash_1core_2smt_threads,pash,2,"0,24",5,40.271283,0
wf,100M.txt,104857700,pash_2cores_1thread_each,pash,2,"0,1",5,22.876088,0
wf,1G.txt,1073742848,bash_1core_1thread,bash,1,"0",5,360.153877,0
wf,1G.txt,1073742848,pash_1core_1thread,pash,1,"0",5,379.583067,0
wf,1G.txt,1073742848,pash_1core_2smt_threads,pash,2,"0,24",5,410.595974,0
wf,1G.txt,1073742848,pash_2cores_1thread_each,pash,2,"0,1",5,223.587707,0
bi-grams,1M.txt,1048577,bash_1core_1thread,bash,1,"0",1,0.680259,0
bi-grams,1M.txt,1048577,pash_1core_1thread,pash,1,"0",1,2.929220,0
bi-grams,1M.txt,1048577,pash_1core_2smt_threads,pash,2,"0,24",1,4.213187,0
bi-grams,1M.txt,1048577,pash_2cores_1thread_each,pash,2,"0,1",1,2.601492,0
bi-grams,10M.txt,10485770,bash_1core_1thread,bash,1,"0",1,5.443822,0
bi-grams,10M.txt,10485770,pash_1core_1thread,pash,1,"0",1,8.033902,0
bi-grams,10M.txt,10485770,pash_1core_2smt_threads,pash,2,"0,24",1,7.608378,0
bi-grams,10M.txt,10485770,pash_2cores_1thread_each,pash,2,"0,1",1,6.969869,0
bi-grams,100M.txt,104857700,bash_1core_1thread,bash,1,"0",1,53.331435,0
bi-grams,100M.txt,104857700,pash_1core_1thread,pash,1,"0",1,55.900340,0
bi-grams,100M.txt,104857700,pash_1core_2smt_threads,pash,2,"0,24",1,56.727240,0
bi-grams,100M.txt,104857700,pash_2cores_1thread_each,pash,2,"0,1",1,47.624990,0
bi-grams,1G.txt,1073742848,bash_1core_1thread,bash,1,"0",1,559.447704,0
bi-grams,1G.txt,1073742848,pash_1core_1thread,pash,1,"0",1,560.539750,0
bi-grams,1G.txt,1073742848,pash_1core_2smt_threads,pash,2,"0,24",1,559.990524,0
bi-grams,1G.txt,1073742848,pash_2cores_1thread_each,pash,2,"0,1",1,470.152302,0
diff,1M.txt,1048577,bash_1core_1thread,bash,1,"0",1,0.230200,0
diff,1M.txt,1048577,pash_1core_1thread,pash,1,"0",1,2.886383,0
diff,1M.txt,1048577,pash_1core_2smt_threads,pash,2,"0,24",1,2.243628,0
diff,1M.txt,1048577,pash_2cores_1thread_each,pash,2,"0,1",1,2.221628,0
diff,10M.txt,10485770,bash_1core_1thread,bash,1,"0",1,1.760817,0
diff,10M.txt,10485770,pash_1core_1thread,pash,1,"0",1,4.261620,0
diff,10M.txt,10485770,pash_1core_2smt_threads,pash,2,"0,24",1,3.604315,0
diff,10M.txt,10485770,pash_2cores_1thread_each,pash,2,"0,1",1,3.236414,0
diff,100M.txt,104857700,bash_1core_1thread,bash,1,"0",1,17.809155,0
diff,100M.txt,104857700,pash_1core_1thread,pash,1,"0",1,20.279638,0
diff,100M.txt,104857700,pash_1core_2smt_threads,pash,2,"0,24",1,17.023116,0
diff,100M.txt,104857700,pash_2cores_1thread_each,pash,2,"0,1",1,13.326646,0
diff,1G.txt,1073742848,bash_1core_1thread,bash,1,"0",1,189.287438,0
diff,1G.txt,1073742848,pash_1core_1thread,pash,1,"0",1,191.983521,0
diff,1G.txt,1073742848,pash_1core_2smt_threads,pash,2,"0,24",1,156.847381,0
diff,1G.txt,1073742848,pash_2cores_1thread_each,pash,2,"0,1",1,115.792978,0
nfa-regex,1M.txt,1048577,bash_1core_1thread,bash,1,"0",1,3.019165,0
nfa-regex,1M.txt,1048577,pash_1core_1thread,pash,1,"0",1,5.328201,0
nfa-regex,1M.txt,1048577,pash_1core_2smt_threads,pash,2,"0,24",1,4.618964,0
nfa-regex,1M.txt,1048577,pash_2cores_1thread_each,pash,2,"0,1",1,3.532656,0
nfa-regex,10M.txt,10485770,bash_1core_1thread,bash,1,"0",1,29.027861,0
nfa-regex,10M.txt,10485770,pash_1core_1thread,pash,1,"0",1,31.204887,0
nfa-regex,10M.txt,10485770,pash_1core_2smt_threads,pash,2,"0,24",1,28.737298,0
nfa-regex,10M.txt,10485770,pash_2cores_1thread_each,pash,2,"0,1",1,17.856522,0
nfa-regex,100M.txt,104857700,bash_1core_1thread,bash,1,"0",1,297.593863,0
nfa-regex,100M.txt,104857700,pash_1core_1thread,pash,1,"0",1,293.054306,0
nfa-regex,100M.txt,104857700,pash_1core_2smt_threads,pash,2,"0,24",1,267.107620,0
nfa-regex,100M.txt,104857700,pash_2cores_1thread_each,pash,2,"0,1",1,155.855785,0
